<?xml version="1.0" encoding="UTF-8" standalone="yes"?>
<Manifest name="manifest">
    <Policies>
        <VersionInfo resourceName="AM-cors-save-headers" version="SHA-512:d5c40f5b845b43d81e0ae930395a04e8d5f9003ef14600eb94653a24d3b26a1552e8b1ae9eac1ae034a0feb6dced5b05bc8ad2cc025d51fd9dca0b5021aa667a"/>
        <VersionInfo resourceName="AM-cors-set-headers" version="SHA-512:c106c58ae9e17877263cbc76724a2a0aef093f9b84ebd9dc5ccc4af52a69cc70b83ee8afec1e776f51582912afb336c588e968f9e3a9e55e4fe94ebd0a0f35cd"/>
        <VersionInfo resourceName="AM-debug" version="SHA-512:2bd5e8de251e3ef345c7ebd4206a76acadd2da87e5c11ed5cde076a26740776874ccfa2d00bbbc084c47394ff4d9ea0073edd9a8a205b6f1d61121a9dd934c74"/>
    </Policies>
    <ProxyEndpoints/>
    <Resources/>
    <SharedFlows>
        <VersionInfo resourceName="default" version="SHA-512:7a12ff99c67256f230692fe6ef04a1dcfa105e050d9ff3f5953014626d2522693b6cfe9528fbb22ea3ea52346c04ab12a55f0dc5c2420ee2a2c0ee251f27acd9"/>
    </SharedFlows>
    <TargetEndpoints/>
</Manifest>
