<?xml version="1.0" encoding="UTF-8" standalone="yes"?>
<SharedFlowBundle revision="1" name="cors-v1">
    <ConfigurationVersion majorVersion="4" minorVersion="0"/>
    <CreatedAt>1583345016057</CreatedAt>
    <CreatedBy>vishalapatel@google.com</CreatedBy>
    <Description>Use in Flow Hooks: ProxyRequestFlowHook and ProxyResponseFlowHook, OR in proxy: ProxyPreFlow or OPTIONS conditional flow named "CORS" with ProxyPostFlow and DefaultFaultRule, automatically detects location and applies appropriate policy.</Description>
    <DisplayName>cors-v1</DisplayName>
    <LastModifiedAt>1583345016057</LastModifiedAt>
    <LastModifiedBy>vishalapatel@google.com</LastModifiedBy>
    <ManifestVersion>SHA-512:eb89c85968771ff8eb431d7ae20cdbe001902676ef60d7d203fe3a4ce07123993214dd883b3d4e77682ba6f50014f4599fcaea9748cc6840a7155cca70968d46:us-east-1</ManifestVersion>
    <Policies>
        <Policy>AM-cors-save-headers</Policy>
        <Policy>AM-cors-set-headers</Policy>
        <Policy>AM-debug</Policy>
    </Policies>
    <Resources/>
    <Spec></Spec>
    <subType>SharedFlow</subType>
    <SharedFlows>
        <SharedFlow>default</SharedFlow>
    </SharedFlows>
</SharedFlowBundle>
