<?xml version="1.0" encoding="UTF-8" standalone="yes"?>
<AssignMessage async="false" continueOnError="false" enabled="true" name="AM-cors-save-headers">
    <DisplayName>AM-cors-save-headers</DisplayName>
    <FaultRules/>
    <Properties/>
    <AssignVariable>
        <Name>access_control_request_headers</Name>
        <Template>{substring(request.header.Access-Control-Request-Headers.values,1,-1)}</Template>
    </AssignVariable>
    <IgnoreUnresolvedVariables>true</IgnoreUnresolvedVariables>
    <AssignTo type="request" transport="http" createNew="false"></AssignTo>
</AssignMessage>
