<?xml version="1.0" encoding="UTF-8" standalone="yes"?>
<AssignMessage async="false" continueOnError="false" enabled="true" name="AM-cors-set-headers">
    <DisplayName>AM-cors-set-headers</DisplayName>
    <FaultRules/>
    <Properties/>
    <Set>
        <Headers>
            <Header name="Access-Control-Allow-Origin">*</Header>
            <Header name="Access-Control-Allow-Headers">{access_control_request_headers}</Header>
            <Header name="Access-Control-Max-Age">60</Header>
            <Header name="Access-Control-Allow-Methods">GET, PUT, POST, DELETE</Header>
            <Header name="X-SF-CORS">true</Header>
        </Headers>
    </Set>
    <IgnoreUnresolvedVariables>true</IgnoreUnresolvedVariables>
    <AssignTo type="response" transport="http" createNew="false"></AssignTo>
</AssignMessage>
