<?xml version="1.0" encoding="UTF-8" standalone="yes"?>
<AssignMessage async="false" continueOnError="false" enabled="true" name="AM-debug">
    <DisplayName>AM-debug</DisplayName>
    <FaultRules/>
    <Properties/>
    <AssignVariable>
        <Name>is_error</Name>
        <Value></Value>
        <Ref>is.error</Ref>
    </AssignVariable>
    <AssignVariable>
        <Name>current_flow_name</Name>
        <Value></Value>
        <Ref>current.flow.name</Ref>
    </AssignVariable>
    <AssignVariable>
        <Name>currentstep_flowstate</Name>
        <Value></Value>
        <Ref>currentstep.flowstate</Ref>
    </AssignVariable>
    <AssignVariable>
        <Name>parameter_current_flow_name</Name>
        <Ref>parameter_current_flow_name</Ref>
    </AssignVariable>
    <AssignVariable>
        <Name>parameter_currentstep_flowstate</Name>
        <Ref>parameter_currentstep_flowstate</Ref>
    </AssignVariable>
    <IgnoreUnresolvedVariables>true</IgnoreUnresolvedVariables>
    <AssignTo type="request" transport="http" createNew="false"></AssignTo>
</AssignMessage>
