<?xml version="1.0" encoding="UTF-8" standalone="yes"?>
<SharedFlow name="default">
    <Step>
        <FaultRules/>
        <Name>AM-debug</Name>
    </Step>
    <Step>
        <Condition>(currentstep.flowstate = "PROXY_REQ_FLOW") or (current.flow.name = "CORS") or ((current.flow.name = "PreFlow") and (is.error = false))</Condition>
        <FaultRules/>
        <Name>AM-cors-save-headers</Name>
    </Step>
    <Step>
        <Condition>(currentstep.flowstate = "RESP_SENT") or (current.flow.name = "PostFlow") or (is.error = true)</Condition>
        <FaultRules/>
        <Name>AM-cors-set-headers</Name>
    </Step>
</SharedFlow>
